{
  "id": "peliculasflix",
  "name": "Peliculasflix",
  "active": true,
  "adult": false,
  "language": [
    "cast",
    "lat",
    "vose"
  ],
  "thumbnail": "https://peliculasflix.co/img/logo.png",
  "banner": "",
  "fanart": "",
  "categories": [
    "movie"
  ],
  "force_unify": true,
  "version": 1,
  "settings": [
    {
      "id": "include_in_global_search",
      "type": "bool",
      "label": "Incluir en busqueda global",
      "default": false,
      "enabled": true,
      "visible": true
    },
    {
      "id": "filter_languages",
      "type": "list",
      "label": "Mostrar enlaces en idioma...",
      "default": 0,
      "enabled": true,
      "visible": true,
      "lvalues": [
        "No filtrar",
        "Subtitulado",
        "Latino",
        "Castellano"
      ]
    }
  ]
}

