{
  "id": "peliplayhd",
  "name": "peliplayhd",
  "active": true,
  "adult": false,
  "language": ["lat","cast"],
  "thumbnail": "https://i.postimg.cc/4N7d4pRK/peliplayhd.png",
  "banner": "",
  "fanart": "",
  "categories": [
    "movie",
    "tvshow",
    "vos"
  ],
  "force_unify": true,
  "settings": [
    {
      "id": "filter_languages",
      "type": "list",
      "label": "Mostrar enlaces en idioma...",
      "default": 0,
      "enabled": true,
      "visible": true,
      "lvalues": [
        "No filtrar",
        "CAST",
        "LAT",
        "VOSE"
      ]
    }
  ]
}
