{
  "id": "pelkex",
  "name": "Pelkex",
  "active": false,
  "adult": false,
  "language": ["lat"],
  "thumbnail": "https://newpelis.org/wp-content/themes/allcalidad/assets/images/logoss.png",
  "banner": "",
  "fanart": "",
  "categories": [
    "movie",
    "tvshow"
  ],
  "settings": [
    {
      "id": "include_in_global_search",
      "type": "bool",
      "label": "Incluir en busqueda global",
      "default": false,
      "enabled": false,
      "visible": false
    },
    {
      "id": "include_in_newest_peliculas",
      "type": "bool",
      "label": "Incluir en Novedades - Peliculas",
      "default": true,
      "enabled": true,
      "visible": true
    },
    {
      "id": "include_in_newest_latino",
      "type": "bool",
      "label": "Incluir en Novedades - Latino",
      "default": true,
      "enabled": true,
      "visible": true
    },
    {
      "id": "include_in_newest_infantiles",
      "type": "bool",
      "label": "Incluir en Novedades - Infantiles",
      "default": true,
      "enabled": true,
      "visible": true
    },
    {
      "id": "include_in_newest_terror",
      "type": "bool",
      "label": "Incluir en Novedades - terror",
      "default": true,
      "enabled": true,
      "visible": true
    },
    {
      "id": "filter_languages",
      "type": "list",
      "label": "Mostrar enlaces en idioma...",
      "default": 0,
      "enabled": true,
      "visible": true,
      "lvalues": [
        "No filtrar",
        "LAT"
      ]
    }
  ]
}
