{
  "id": "seriesretro",
  "name": "SeriesRetro",
  "active": true,
  "adult": false,
  "language": ["lat"],
  "thumbnail": "https://seriesretro.com/wp-content/uploads/2020/06/5ed8d22a4ac42_originalcursi1.png",
  "banner": "",
  "fanart": "",
  "categories": [
    "tvshow"
  ],
  "force_unify": true,
  "settings": [
    {
      "id": "include_in_global_search",
      "type": "bool",
      "label": "Incluir en busqueda global",
      "default": false,
      "enabled": false,
      "visible": false
    },
    {
      "id": "filter_languages",
      "type": "list",
      "label": "Mostrar enlaces en idioma...",
      "default": 0,
      "enabled": true,
      "visible": true,
      "lvalues": [
        "No filtrar"
      ]
    }
  ]
}
