<?xml version="1.0" encoding="UTF-8" standalone="yes"?>
<addon id="plugin.program.tvbanwizard" name="[B][COLOR azure]TVBAN[/COLOR] [COLOR tan]WIZARD[/COLOR][/B]" version="30.5.24" provider-name="[B][COLOR azure]andTVban, JoseAnd[/COLOR][/B]">
    <requires>
        <import addon="xbmc.python" version="3.0.1" />
        <import addon="script.module.requests" />
        <import addon="script.module.six" />
    </requires>
    
    <extension point="xbmc.python.pluginsource" library="default.py">
        <provides>executable</provides>
    </extension>
    
    <extension point="xbmc.service" library="startup.py" start="startup" />
    
    <extension point="xbmc.addon.metadata">
        <summary lang="en">
	[COLOR azure]TVBAN[/COLOR] [COLOR cyan]MATNEXOM[/COLOR], 
	tu [COLOR azure]tvban[COLOR tan]Wizard[/COLOR] para [COLOR teal]KODI[/COLOR]	
	    </summary>
    	<description lang="en">
[COLOR lime][B]CREDITOS:[/COLOR][/B] 
[COLOR white][B]• Developers:[/B]      [COLOR darkorange]JoseAnd[/COLOR]
[COLOR white][B]• Testers:[/B]             [COLOR darkorange]JoseaTeb, [COLOR tan]Amillans[/COLOR]
[COLOR white][B]• Telegram:[/B]         [COLOR dodgerblue]t.me/+andTvban[/COLOR]</description>
        <disclaimer>[COLOR tan][B]Está Prohibida su distribución, cedido por su autor, editado por AndTVban y Protegidos por los Derechos del Autor y Editor.[/B][/COLOR]</disclaimer>
		<platform>all</platform>
		<reuselanguageinvoker>false</reuselanguageinvoker>
        <source>https://andtvban.github.io/tvban/</source>
		<news>
• [COLOR darkorange]12/04/2024[/COLOR]	
- Nuevo Logo		
- Inciada la compatibilidad con Versiones de Kodi.
- Nuevo Instalador a la versión  14.4.24
- Añadido nuevos arreglos:
¤ Limpieza de Miniaturas.     
¤ Color en Notificaciones.
</news>
	<assets>
	    <icon>icon.png</icon>
        <fanart>fanart.jpg</fanart>
	</assets>
	<license>GNU GENERAL PUBLIC LICENSE Version 21</license>
		<email></email>
		<website></website>
    </extension>
</addon>
		