<?xml version="1.0" encoding="UTF-8" standalone="yes"?>
<addon id="repository.tvbanmatnexom" name="[B][COLOR azure]Repo [COLOR green]mat[COLOR blueviolet]nex[COLOR cyan]om[/COLOR][/B]" version="28.5.24" provider-name="andTVban, JoseaTeba">
    <extension point="xbmc.addon.repository" name="[B][COLOR azure]Repo [COLOR green]mat[COLOR blueviolet]nex[COLOR cyan]om[/COLOR][/B]">
		<dir minversion="19.9.9" maxversion="20.9.9">
            <info compressed="false">https://raw.githubusercontent.com/andtvban/repositorio.andtvban/master/nexus/zips/addons.xml</info>
            <checksum>https://raw.githubusercontent.com/andtvban/repositorio.andtvban/master/nexus/zips/addons.xml.md5</checksum>
            <datadir zip="true">https://raw.githubusercontent.com/andtvban/repositorio.andtvban/master/nexus/zips/</datadir>
        </dir> 
        <dir minversion="20.9.9" maxversion="21.9.9"> 
            <info compressed="false">https://raw.githubusercontent.com/andtvban/repositorio.matnexom/master/articfuse/zips/addons.xml</info>
            <checksum>https://raw.githubusercontent.com/andtvban/repositorio.matnexom/master/articfuse/zips/addons.xml</checksum>
            <datadir zip="true">https://raw.githubusercontent.com/andtvban/repositorio.matnexom/master/articfuse/zips/</datadir>
        </dir>	
		    </extension>
			
    <extension point="xbmc.addon.metadata">
        <summary>[COLOR azure]Repo [COLOR green]mat[COLOR blueviolet]nex[COLOR cyan]om[/COLOR]</summary>
        <description>[COLOR azure]Repositorio de addons para [COLOR cyan]TVBAN[/COLOR].
[B][COLOR lime]CREDITOS:
[COLOR white]• Developers:[/COLOR][/B] [COLOR gold]JoseaTeba[/COLOR]</description> 		             
        <disclaimer>[COLOR cyan]Éste repositorio sólo recoge Add-ons externos, válidos para [COLOR steelblue]KODI 20 [COLOR blueviolet]NEXUS, [COLOR steelblue]KODI 21 [COLOR deepskyblue]OMEGA [/COLOR]</disclaimer>
        <platform>all</platform>
        <assets>
            <icon>icon.png</icon>
            <fanart>fanart.jpg</fanart>
        </assets>
		<source>https://andtv.github.io/tvban</source>
    </extension>
</addon>
